ReplaceItem_Id,ReplaceItem_Type,ReplaceItem_Parameter,ReplaceItem_Source_Id,ReplaceItem_Source_Value,ReplaceItem_Target_Value
efa0c2fa-4672-4bb8-8779-80989dbaf52a,Sheet,Sheet Number,,A101,A-101
f0d5d3d1-724e-422a-b854-385542735f74,Sheet,Sheet Number,,A201,A-201
21bb8ec0-6300-43de-9086-9cbcacc02e42,Sheet,Sheet Number,,A202,A-202
f935b5c9-7f7f-4184-a12f-03bfc57a80d3,Sheet,Sheet Number,,A211,A-211
52dd9e81-51e7-4247-8f45-93eab7fc3ec1,Sheet,Sheet Number,,A212,A-212
9d3a1d09-c237-4f8c-a21f-cf9d2061bf79,Sheet,Sheet Number,,A301,A-301
0d49a3b5-35bb-4ca4-bc51-35b16bd95fc1,Sheet,Sheet Number,,A401,A-401
3bb1f2c6-e38b-4759-91fe-5dbf1daf993b,Sheet,Sheet Number,,A402,A-402
6dbde60a-89d6-487c-8e60-84c6d2127e6b,Sheet,Sheet Number,,A411,A-411
9866a991-f4ab-4ef2-91c8-03e75e927a07,Sheet,Sheet Number,,A421,A-421
d4bb7e89-9fd4-41da-8716-49baba754365,Sheet,Sheet Number,,A431,A-431
6bd62fde-d445-4867-bde7-eb63e5d08468,Sheet,Sheet Number,,A451,A-451
2a61a01b-9000-47ab-bc1f-ddb73dc071a7,Sheet,Sheet Number,,A461,A-461
7b79fc90-5d81-406c-ba52-5437c93d8161,Sheet,Sheet Number,,A491,A-491
b2620684-1491-40b2-af2b-ac44b54fc7cf,Sheet,Sheet Number,,A492,A-492
86f19322-d4bd-4974-945b-8fcacf227103,Sheet,Sheet Number,,A501,A-501
92f23ab5-21d5-4c4e-a0ae-85fd0de79d7a,Sheet,Sheet Number,,A502,A-502
82aed788-be17-4642-8b58-10c6b4ad6484,Sheet,Sheet Number,,A511,A-511
9eee50e3-44f0-4090-9767-e313125dabcd,Sheet,Sheet Number,,A521,A-521
987aa459-6675-478a-897a-7e29653d6218,Sheet,Sheet Number,,A601,A-601
ab59253c-58a4-4bac-8e46-817fcd312561,Sheet,Sheet Number,,A611,A-611
2da8f0aa-2128-4031-b2b8-26fff348f0de,Sheet,Sheet Number,,A621,A-621
197f026e-4706-4255-bd6b-63c3c72ca45f,Sheet,Sheet Number,,A701,A-701
648ff762-c77a-41fe-94bb-d1502d468912,Sheet,Sheet Number,,A711,A-711
bc65d0ea-21c3-4410-b6ac-242a6ee3f42e,Sheet,Sheet Number,,A721,A-721
b2289c30-4cb8-4377-8bd3-d317fb0a7feb,Sheet,Sheet Number,,A751,A-751
0aa85e08-35b5-4d9e-9d1d-2f9a637c37a8,Sheet,Sheet Number,,A761,A-761
8fcd55e4-537b-48ca-ad65-bfa6d3d7aa99,Sheet,Sheet Number,,A791,A-791
a4bb9f72-e32e-4128-b5bc-8b4b0bcea00a,Sheet,Sheet Number,,A801,A-801
d7827044-118b-499a-9025-db4aacf6f438,Sheet,Sheet Number,,A811,A-811
20fe4d3f-30a5-4e95-be2e-5ae37af17d0e,Sheet,Sheet Number,,A821,A-821
d43bfea4-0531-4df5-a46d-ca01f0557f9d,Sheet,Sheet Number,,A831,A-831
bef7e332-065c-4c2f-b164-a2fccb0d5658,Sheet,Sheet Number,,A832,A-832
08b0da5f-3e0a-472b-930a-49e05fb9c222,Sheet,Sheet Number,,A841,A-841
24d94224-cb98-4353-bf28-2ca0c9cca68b,Sheet,Sheet Number,,A901,A-901
6fbf91bd-c304-42ce-9c91-66667cc1b5c1,Sheet,Sheet Number,,A902,A-902
c3b26255-4651-4537-8625-e867461e62dc,Sheet,Sheet Number,,A911,A-911
f34ed395-53e3-4d16-91ae-12a99a7a97b7,Sheet,Sheet Number,,A912,A-912
c233a817-32cb-41c3-8c52-55078c4c27cc,Sheet,Sheet Number,,A913,A-913
7f93af8a-2d93-4c5e-974b-43f199e53082,Sheet,Sheet Number,,A914,A-914
eed2cca5-5671-4fe9-9477-556010de4b1a,Sheet,Sheet Number,,A915,A-915
c7a9b0ba-0f92-4581-be3f-636b2abe194d,Sheet,Sheet Number,,A921,A-921
97bbc8ab-ad68-412a-a0ec-37763a2720a3,Sheet,Sheet Number,,A931,A-931
d6bee462-1384-4ea4-979d-b9789a2f39f4,Sheet,Sheet Number,,A941,A-941
d67b2c7a-c3fe-419f-92b6-86944b7a40cf,Sheet,Sheet Number,,A951,A-951
91d4b19b-059a-4ad6-8587-7925f42eb087,Sheet,Sheet Number,,A952,A-952
b47ed644-f391-4874-8387-8443e3cbfb9c,Sheet,Sheet Number,,A961,A-961
f8cb1a27-714a-442a-8f64-99d6080394d3,Sheet,Sheet Number,,A962,A-962
4cf0074a-f5a3-459c-ad5c-3ba7615cab43,Sheet,Sheet Number,,A971,A-971
6b9fe4ce-fb8d-4775-a237-058bdae72f07,Sheet,Sheet Number,,A981,A-981
9f55d2a0-d9b9-4539-b55e-fe36d541b33e,Sheet,Sheet Number,,A982,A-982
4607a4bc-4ac6-4e3f-85cf-14e18b54b4e2,Sheet,Sheet Number,,A983,A-983
071b1df4-5775-422a-bb4d-b3568d437c4a,Sheet,Sheet Number,,A991,A-991
d4f92e15-6fe4-4e5c-a549-a40457f3d54e,Sheet,Sheet Number,,C001,C-001
aa135398-55fb-4406-9efc-ae8567f8b76b,Sheet,Sheet Number,,C201,C-201
e16511ba-5459-4737-a820-a32fc896f34e,Sheet,Sheet Number,,C301,C-301
0159b335-0081-4daf-b81e-e71b865c33c0,Sheet,Sheet Number,,C401,C-401
d28b5e16-219f-4342-8724-0e33cf41c960,Sheet,Sheet Number,,D100,D-100
db1fc9d8-5f43-4ed6-9aec-2828f31c3743,Sheet,Sheet Number,,E001,E-001
94f99cc2-39bd-4675-93b3-6f30893a4f88,Sheet,Sheet Number,,E201,E-201
8db46251-4ba4-40ea-b880-bb8f5e68fb8e,Sheet,Sheet Number,,E301,E-301
862789de-234c-428d-927f-bdc3c9f02818,Sheet,Sheet Number,,E401,E-401
9bae6882-1146-4193-a9b9-cc6a841d32c6,Sheet,Sheet Number,,E501,E-501
236ac620-36a6-4f07-ab3b-0209869a9d9c,Sheet,Sheet Number,,E601,E-601
b94e618b-a373-469e-8905-e8c188d135cd,Sheet,Sheet Number,,G000,G-000
c35b777c-4851-484a-a619-d97e8d6c1190,Sheet,Sheet Number,,G001,G-001
c64b036e-f636-4ac4-a1aa-621e5a0d3c5e,Sheet,Sheet Number,,G002,G-002
9f509c1c-54b7-44f7-a4e2-071ccf5204f3,Sheet,Sheet Number,,G101,G-101
fd8c09a6-9542-47e8-b9f2-0bf66408231d,Sheet,Sheet Number,,L001,L-001
b41af8c3-a10a-4ff8-8246-477f03982e0c,Sheet,Sheet Number,,L201,L-201
fbf97ca6-3b38-4231-aab5-f833b3ff99e7,Sheet,Sheet Number,,L202,L-202
1f63c771-b1d6-4d5d-b960-d61c4b475dca,Sheet,Sheet Number,,L301,L-301
22debe3b-0c00-489e-abe2-b471f30d0f6f,Sheet,Sheet Number,,L401,L-401
f3b95a8d-e90d-419c-a889-eac78cb71ea8,Sheet,Sheet Number,,L501,L-501
0fbd1116-f6b2-4e64-b7d6-2465525a37a8,Sheet,Sheet Number,,L601,L-601
152c5938-3e68-4e25-8673-176cb269191a,Sheet,Sheet Number,,L701,L-701
9875dc16-c839-4d72-918a-d9c83fd3ff35,Sheet,Sheet Number,,L801,L-801
cfdd8102-773b-4f76-867d-c4161088113d,Sheet,Sheet Number,,L901,L-901
4d038d29-0127-4247-9897-cc84742bbc3d,Sheet,Sheet Number,,M001,M-001
93adfddd-3060-42ad-a725-56880f4bf957,Sheet,Sheet Number,,M201,M-201
6f8a6c9b-9777-45b8-b75b-114d09b3c8b9,Sheet,Sheet Number,,M301,M-301
c273d2f1-48be-4044-9cdd-fd543698cf4c,Sheet,Sheet Number,,M401,M-401
995315cd-a4d9-40ef-ba46-75ee0c25289f,Sheet,Sheet Number,,M501,M-501
f7a01bd5-0fbb-4806-bed9-d00a6406c97f,Sheet,Sheet Number,,M601,M-601
84e61060-fb05-4710-853f-044e43405917,Sheet,Sheet Number,,M701,M-701
4984c910-7698-4dbd-9413-98f08e0634be,Sheet,Sheet Number,,P001,P-001
cb92f955-b395-4058-93eb-2436705fb46d,Sheet,Sheet Number,,P201,P-201
a8f8c011-0711-4c2d-9752-93c74f362728,Sheet,Sheet Number,,P301,P-301
384015c2-d092-491d-abf5-d1aa73891034,Sheet,Sheet Number,,P401,P-401
8e79537b-2b34-4fe0-ba4f-a6ef2e8c1d17,Sheet,Sheet Number,,P501,P-501
0a76a922-c5fd-435a-947f-12812e2dd2c0,Sheet,Sheet Number,,P601,P-601
2d14bfa8-f24a-4be6-95f0-98f584db0f43,Sheet,Sheet Number,,S001,S-001
6c4ba9d4-9fdc-4d77-9df5-870f18cbe7a9,Sheet,Sheet Number,,S101,S-101
25e7d2ba-50ea-4156-b103-912a1e6577ee,Sheet,Sheet Number,,S200,S-200
65cb18b8-0aeb-42ff-b57b-2c141112a5b6,Sheet,Sheet Number,,S201,S-201
e94ae972-f84d-497b-9be7-2dc8f7e7f6b1,Sheet,Sheet Number,,S301,S-301
9a58fde2-7b7a-4ab6-8e5c-8caf9024b1a5,Sheet,Sheet Number,,S401,S-401
aaf8673c-a73a-404f-b7be-98d35f8647f7,Sheet,Sheet Number,,S501,S-501
559e93df-813f-45d1-ae1e-8eb674485e76,Sheet,Sheet Number,,S601,S-601
6edfa1a9-a4ae-4e93-b921-b4a752f7154e,Sheet,Sheet Number,,S701,S-701
2269318b-71eb-4475-a7d0-e7c499b883f7,Sheet,Sheet Number,,S801,S-801
d2860dbb-6cc4-4b56-8cbd-b7a5b6ebd47e,Sheet,Sheet Number,,S901,S-901
3e5cf709-9176-4e79-b3bf-e54f179835b9,Sheet,Sheet Number,,T001,T-001
ec51956a-3a36-4821-939f-e18c389044c9,Sheet,Sheet Number,,T201,T-201
5086024d-d0fb-4991-8bb9-f49e6590f5e0,Sheet,Sheet Number,,T301,T-301
4294d0cc-70f5-498a-8a6e-7aea29c5a467,Sheet,Sheet Number,,T401,T-401
07ec1bc2-3309-4fdd-ae82-1f32d72e71d7,Sheet,Sheet Number,,T501,T-501
40ff8288-fdfe-4602-b3fa-a153eee005bf,Sheet,Sheet Number,,T601,T-601
